Brand,Product,Price
Diesel,Cotton Sport Shirt,178
Thom Browne,Cotton Shirt,590
Ermenegildo Zegna,Milano Suit,3495
Eton,Slim Fit Dress Shirt,290
Paul & Shark,Printed Cotton & Wool Blend Shirt,295
Z Zegna,Drop 8 Turati Suit,1698
Eton,Slim Fit Dress Shirt,290
Ermenegildo Zegna,Milano Suit,3295
Eton,Contemporary Fit Dress Shirt,280
Eton,Slim Fit Dress Shirt,280
Ermenegildo Zegna,Torino Multi-Season Suit,3295
Moncler,Rodez Down Jacket,1430
Giorgio Armani,V-Neck T-Shirt,375
Ermenegildo Zegna,Couture Suit,6185
Ermenegildo Zegna,Milano Suit,3295
Brunello Cucinelli,Waterproof Down Vest,1775
Ermenegildo Zegna,Long-Sleeve Cotton Polo,475
Brunello Cucinelli,Long-Sleeve Cashmere Blend Polo,1175
Brunello Cucinelli,Long-Sleeve Cashmere Blend Polo,1175
Brunello Cucinelli,Waterproof Down Vest,3025
Ermenegildo Zegna,Cotton Blend Zip-Up Sweater,875
Brunello Cucinelli,Wool Blend Sweater,1145
Ermenegildo Zegna,Cotton Blend Zip-Up Sweater,875
Paul & Shark,Crew Neck Wool Sweater,395
Paul & Shark,Cashmere & Wool Blend Sweater,495
Giorgio Armani,V-Neck T-Shirt,375
Brunello Cucinelli,Waterproof Down Coat,3895
Z Zegna,Drop 8 Turati Suit,1698
Giorgio Armani,Upton Unstructured Sports Jacket,3395
Ermenegildo Zegna,Torino Trofeo Suit,3495
Ermenegildo Zegna,Milano Easy Sports Jacket,2995
Z Zegna,Drop 8 Turati Suit,1598
Z Zegna,Drop 8 Turati Suit,1598
Z Zegna,Drop 8 Turati Suit,1498
Z Zegna,Drop 8 Turati Suit,1498
Z Zegna,Drop 8 Turati Suit,1598
Z Zegna,Drop 8 Suit,1498
Brunello Cucinelli,Long-Sleeve Virgin Wool Blend Polo,1175
Brunello Cucinelli,Wool & Cashmere Bomber Jacket,5395
Z Zegna,Drop 8 Suit,1498
Brunello Cucinelli,Waterproof Down Vest,1775
Loro Piana,Zip-Up Cashmere Sweater,3880
Loro Piana,Printed Cotton Shirt,680
Ermenegildo Zegna,Half-Zip Cashmere & Silk Sweater,2150
Loro Piana,Slim Fit Pants,780
Thom Browne,Down-Filled Jacket,3650
Loro Piana,Unstructured Sports Jacket,4330
Loro Piana,Slim Fit Jeans,780
Versace Collection,Slim Fit Jeans,395
Loro Piana,Zip-Up Cashmere & Silk Blend Sweater,2600
Loro Piana,Storm System Vest,1540
Loro Piana,Storm System Vest,1540
Loro Piana,Zip-Up Cashmere & Silk Blend Sweater,2600
Loro Piana,Virgin Wool & Silk Blend Vest,2880
Brunello Cucinelli,Skinny Fit Jeans,675
Loro Piana,Cashmere Sweater,2140
Loro Piana,Slim Fit Jeans,780
Loro Piana,Slim Fit Jeans,780
Versace Collection,Drawstring Joggers,395
Diesel,Krooley JoggJeans,498
Loro Piana,Unstructured Sports Jacket,4330
Loro Piana,Cashmere Blend Coat,19310
